AssetID,Name,Category,CriteriaCode,CriteriaName,Score
132,"Rumah Tipe 45/90","Tanah dan Bangunan",TB01,"Lokasi dan Aksesibilitas",4
132,"Rumah Tipe 45/90","Tanah dan Bangunan",TB02,"Legalitas",5
132,"Rumah Tipe 45/90","Tanah dan Bangunan",TB03,"Luas",3
132,"Rumah Tipe 45/90","Tanah dan Bangunan",TB04,"Kondisi Fisik",4
132,"Rumah Tipe 45/90","Tanah dan Bangunan",TB05,"Fasilitas Sekitar",4
132,"Rumah Tipe 45/90","Tanah dan Bangunan",TB06,"Lingkungan dan Risiko",2
132,"Rumah Tipe 45/90","Tanah dan Bangunan",TB07,"Potensi Pengembangan",3
133,"Ruko 2 Lantai","Tanah dan Bangunan",TB01,"Lokasi dan Aksesibilitas",5
133,"Ruko 2 Lantai","Tanah dan Bangunan",TB02,"Legalitas",5
133,"Ruko 2 Lantai","Tanah dan Bangunan",TB03,"Luas",4
133,"Ruko 2 Lantai","Tanah dan Bangunan",TB04,"Kondisi Fisik",4
133,"Ruko 2 Lantai","Tanah dan Bangunan",TB05,"Fasilitas Sekitar",5
133,"Ruko 2 Lantai","Tanah dan Bangunan",TB06,"Lingkungan dan Risiko",2
133,"Ruko 2 Lantai","Tanah dan Bangunan",TB07,"Potensi Pengembangan",4
134,"Tanah Kavling","Tanah dan Bangunan",TB01,"Lokasi dan Aksesibilitas",3
134,"Tanah Kavling","Tanah dan Bangunan",TB02,"Legalitas",4
134,"Tanah Kavling","Tanah dan Bangunan",TB03,"Luas",4
134,"Tanah Kavling","Tanah dan Bangunan",TB04,"Kondisi Fisik",3
134,"Tanah Kavling","Tanah dan Bangunan",TB05,"Fasilitas Sekitar",3
134,"Tanah Kavling","Tanah dan Bangunan",TB06,"Lingkungan dan Risiko",3
134,"Tanah Kavling","Tanah dan Bangunan",TB07,"Potensi Pengembangan",5
135,"Toyota Avanza 2019","Kendaraan",KD01,"Kondisi Mesin",4
135,"Toyota Avanza 2019","Kendaraan",KD02,"Performa",4
135,"Toyota Avanza 2019","Kendaraan",KD03,"Kilometer",3
135,"Toyota Avanza 2019","Kendaraan",KD04,"Tahun Produksi",4
135,"Toyota Avanza 2019","Kendaraan",KD05,"Riwayat Kendaraan",4
135,"Toyota Avanza 2019","Kendaraan",KD06,"Merek atau Model",5
135,"Toyota Avanza 2019","Kendaraan",KD07,"Kondisi Fisik",4
136,"Honda Beat 2021","Kendaraan",KD01,"Kondisi Mesin",4
136,"Honda Beat 2021","Kendaraan",KD02,"Performa",4
136,"Honda Beat 2021","Kendaraan",KD03,"Kilometer",2
136,"Honda Beat 2021","Kendaraan",KD04,"Tahun Produksi",5
136,"Honda Beat 2021","Kendaraan",KD05,"Riwayat Kendaraan",4
136,"Honda Beat 2021","Kendaraan",KD06,"Merek atau Model",4
136,"Honda Beat 2021","Kendaraan",KD07,"Kondisi Fisik",4
137,"Mitsubishi Xpander 2018","Kendaraan",KD01,"Kondisi Mesin",4
137,"Mitsubishi Xpander 2018","Kendaraan",KD02,"Performa",5
137,"Mitsubishi Xpander 2018","Kendaraan",KD03,"Kilometer",4
137,"Mitsubishi Xpander 2018","Kendaraan",KD04,"Tahun Produksi",3
137,"Mitsubishi Xpander 2018","Kendaraan",KD05,"Riwayat Kendaraan",3
137,"Mitsubishi Xpander 2018","Kendaraan",KD06,"Merek atau Model",5
137,"Mitsubishi Xpander 2018","Kendaraan",KD07,"Kondisi Fisik",4
138,"Laptop Lenovo ThinkPad 2021","Elektronik",EL01,"Kondisi Barang",4
138,"Laptop Lenovo ThinkPad 2021","Elektronik",EL02,"Spesifikasi Teknis",4
138,"Laptop Lenovo ThinkPad 2021","Elektronik",EL03,"Performa atau Fungsi",4
138,"Laptop Lenovo ThinkPad 2021","Elektronik",EL04,"Usia Pemakaian",3
138,"Laptop Lenovo ThinkPad 2021","Elektronik",EL05,"Merek",5
138,"Laptop Lenovo ThinkPad 2021","Elektronik",EL06,"Kelengkapan",4
139,"iPhone 12 128GB","Elektronik",EL01,"Kondisi Barang",4
139,"iPhone 12 128GB","Elektronik",EL02,"Spesifikasi Teknis",4
139,"iPhone 12 128GB","Elektronik",EL03,"Performa atau Fungsi",4
139,"iPhone 12 128GB","Elektronik",EL04,"Usia Pemakaian",3
139,"iPhone 12 128GB","Elektronik",EL05,"Merek",5
139,"iPhone 12 128GB","Elektronik",EL06,"Kelengkapan",3
140,"Kamera Canon EOS 700D","Elektronik",EL01,"Kondisi Barang",3
140,"Kamera Canon EOS 700D","Elektronik",EL02,"Spesifikasi Teknis",3
140,"Kamera Canon EOS 700D","Elektronik",EL03,"Performa atau Fungsi",4
140,"Kamera Canon EOS 700D","Elektronik",EL04,"Usia Pemakaian",4
140,"Kamera Canon EOS 700D","Elektronik",EL05,"Merek",4
140,"Kamera Canon EOS 700D","Elektronik",EL06,"Kelengkapan",4