ID,AsetTarget,JudulPembanding,Sumber,Harga,StatusValidasi,StatusKecocokan,CanonicalUrl,CanonicalUrlHash
PB-001,"Rumah Tipe 45/90","Rumah sekunder Kawanua Emerald City","Pinhome",600000000,DITERIMA,LAYAK,"https://www.pinhome.id/dijual/rumah-sekunder/unit/dijual-rumah-lokasi-strategis-dekat-mall-di-kawanua-emerald-city-manado-jl-a-a-maramis","940aa6f34615e8640446ae2495e53432448089bc38aab13e8cd48c0e0c099f86"
PB-002,"Rumah Tipe 45/90","AKR Kawanua Emerald City Type 45","Rumah123",662000000,DITERIMA,LAYAK,"https://www.rumah123.com/perumahan-baru/properti/manado/akr-kawanua-emerald-city/nps1977/","d2426c6e0c7a99b3f9ea50736fc45f8350c32ebcbd003f162bd1a7e28762a11a"
PB-003,"Rumah Tipe 45/90","Grand Tikala Manado Type 45/90","Instagram Grand Tikala",690000000,DITERIMA,LAYAK,"https://www.instagram.com/reel/C2jLoetREyF/?hl=bn","08b259cd3e4afb996b8ec8aba7b25ef27809b7707f78e2aeec0a4b81653a0895"
PB-004,"Rumah Tipe 45/90","Rumah 1 lantai Grand Tikala","Pinhome",766700000,DITERIMA,LAYAK,"https://www.pinhome.id/dijual/rumah-sekunder/unit/dijual-rumah-1-lantai-di-tengah-kota-manado-sulawesi-utara-di-tikala","8397551d70fbdfb4f963c90984ace63c5058f4c8f6d8c2299386d2df9e3860fc"
PB-005,"Rumah Tipe 45/90","Grand Tikala Type 45/90","Facebook Marketplace/Group",800000000,DITERIMA,LAYAK,"https://www.facebook.com/groups/1408649662768411/posts/4040648599568491/","a661995f340ac7a28c7edc260989f4e3df5c4fc7682912346a65ea54bf994dde"
PB-006,"Ruko 2 Lantai","Ruko 2 lantai 104 m² Tuminting","Rumah123",828000000,DITERIMA,LAYAK,"https://www.rumah123.com/jual/manado/harga-dibawah-1-m/ruko/","bbf3afb20408dcb072bcaeabc635535a856d762747bba7c73f12f15ac74588b8"
PB-007,"Ruko 2 Lantai","Ruko CitraLand 2 lantai","OLX",1100000000,DITERIMA,PERLU_TINJAU,"https://www.olx.co.id/wenang_g5006243/properti_c88/q-ruko-dijual","7b5e21fcb4e06481d963a80304da153b41021e85f259a2ba8274b67af3722d65"
PB-008,"Ruko 2 Lantai","Ruko 2 lantai 140 m² Jl. AJ Sondakh","Pinhome",1800000000,DITERIMA,LAYAK,"https://www.pinhome.id/jual/sulawesi-utara/manado","24f9b90671925209906b232dc68c01bdffa8882492d509d7a3c0bf3a2fb43b9e"
PB-009,"Ruko 2 Lantai","Ruko 2 lantai 157 m² Jl. Garuda","Pinhome",1800000000,DITERIMA,LAYAK,"https://www.pinhome.id/dijual/ruko-sekunder/unit/dijual-ruko-di-jalan-garuda-manado","c19ff67d06ca6804c4c6dc7363dc7cab8e1b905b5dc30e209832ebd43096fe8c"
PB-010,"Ruko 2 Lantai","Ruko 2 lantai Jl. Lumimuut","Pinhome",2565000000,DITERIMA,PERLU_TINJAU,"https://www.pinhome.id/dijual/ruko-sekunder/unit/dijual-ruko-2-lantai-di-jalan-lumimuut","9626a010d40342989600c91943835d9a9c50739b9454508830268dc962edf139"
PB-011,"Tanah Kavling","Tanah depan jalan 300 m² SHM","Rumah123",200000000,DITERIMA,PERLU_TINJAU,"https://www.rumah123.com/jual/minahasa/pineleng/shm/tanah/","1c1ca7bcbb2addd185eb9e76321d5408200e25092fc5db1f41a1defd92cfddab"
PB-012,"Tanah Kavling","Kavling 300 m² Konsolidasi Mapanget Paniki","Rumah123",225000000,DITERIMA,LAYAK,"https://www.rumah123.com/jual/manado/harga-dibawah-300-juta/tanah/","7e7b677bc62d156e27ab86b9a82c3a62c3cd8312cbf10a098f63b43d770102e1"
PB-013,"Tanah Kavling","Tanah 220 m² dekat fasilitas Malalayang","Rumah123",250000000,DITERIMA,PERLU_TINJAU,"https://www.rumah123.com/jual/manado/harga-dibawah-300-juta/tanah/","234348f3f1436d72839df6361a28af713517d32530af98634bf6bda57de6d276"
PB-014,"Tanah Kavling","Tanah strategis Tikala","Rumah123",285000000,DITERIMA,PERLU_TINJAU,"https://www.rumah123.com/jual/manado/harga-dibawah-300-juta/tanah/","cba4424908bd5a06e6ad3334fcb46e72ff9796af6dc00784d35c1ef0cb44a08f"
PB-015,"Tanah Kavling","Tanah Sawangan Minahasa","Rumah123",300000000,DITERIMA,PERLU_TINJAU,"https://www.rumah123.com/properti/manado-minut/di-jual-tanah-sawangan-minahasa-las8904482/","d72cf8067ec325227b0ce9a576829389a266b979349bb704d28dd7022354b428"
PB-016,"Toyota Avanza 2019","Toyota Avanza 1.3 G 2019","Mobil123",139000000,DITERIMA,PERLU_TINJAU,"https://www.mobil123.com/mobil-dijual/toyota/avanza/year-2019/indonesia_dki-jakarta_jakarta-timur","907c84755eb5c4074be01bab9eab2db6e2a6a47ca4977214d4be6bc369410a08"
PB-017,"Toyota Avanza 2019","Toyota Avanza 1.3 G AT 2019","OLX",149000000,DITERIMA,LAYAK,"https://www.olx.co.id/mobil_c86/q-avanza-2019","633cfc8779e84fa83bb7dd7e4169f6b356a51f01aa4e84466e907cd80ca7ccf0"
PB-018,"Toyota Avanza 2019","Toyota Avanza G Matic 2019","OLX",150000000,DITERIMA,LAYAK,"https://www.olx.co.id/items/q-avanza-matic-2019","2f4e8861f3a9307df120dbf58c0daaed464e200cd26a95c389a4ca18276373af"
PB-019,"Toyota Avanza 2019","Avanza G Manual 2019","OLX",155000000,DITERIMA,PERLU_TINJAU,"https://www.olx.co.id/items/q-avanza-g-2019-manual","e6f65beee9aee9ca3780ed9db9a74f532f946df063ab5c0d545d4b36c03ee3a3"
PB-020,"Toyota Avanza 2019","Toyota Avanza G 1.3 AT 2019","Mobil123",157000000,DITERIMA,LAYAK,"https://www.mobil123.com/mobil-dijual/toyota/avanza/year-2019/indonesia","ca5233ce1bb6811cfa3f9ef7025d212bb23b421a07465f816c73ffc2a4f8e648"
PB-021,"Honda Beat 2021","Honda Beat Deluxe 2021","OLX",12250000,DITERIMA,LAYAK,"https://www.olx.co.id/motor_c87/q-honda-beat-2021","99a2c6f63572dffad573c8954f2d3a3475eda7cf8fb0fea50d7003ea3877db59"
PB-022,"Honda Beat 2021","Honda Beat CBS 2021","OLX",12850000,DITERIMA,LAYAK,"https://www.olx.co.id/motor_c87/q-honda-beat-2021","343d3aa56f4e734d79338bd2b79220cd642a76aa56812596de6daa79fb0e0ae2"
PB-023,"Honda Beat 2021","Honda Beat 2021","OLX",12900000,DITERIMA,PERLU_TINJAU,"https://www.olx.co.id/items/q-beat.-2021","f15f263d51066179c2f51245ef79a13964b4e1ba1e534da2201febb0fd53efe7"
PB-024,"Honda Beat 2021","Beat Deluxe 2021 pajak hidup","OLX",13250000,DITERIMA,LAYAK,"https://www.olx.co.id/motor_c87/q-honda-beat-2021","7ec77045334be459dfe81e77f2874a9b31c328ce5c6cd9cf1c83c4372db3ff30"
PB-025,"Honda Beat 2021","Honda Beat Street 2021 KM rendah","OLX",14000000,DITERIMA,PERLU_TINJAU,"https://www.olx.co.id/motor_c87/q-honda-beat-2021","fef6b5c32d936de36a89124688ba8ee0c4450b6e6239217afde7c68f071ec912"
PB-026,"Mitsubishi Xpander 2018","Mitsubishi Xpander 2018","OLX",175000000,DITERIMA,PERLU_TINJAU,"https://www.olx.co.id/mobil_c86/q-xpander-2018","20f313890d08ea357398c5bd9ec97789dcdfc237c57e2314cb67bd064e024578"
PB-027,"Mitsubishi Xpander 2018","Mitsubishi Xpander Ultimate AT 2018","OLX",177000000,DITERIMA,LAYAK,"https://www.olx.co.id/mobil-bekas_c198/q-xpander-2018?filter=m_fuel_eq_bensin","416aec4f6f03fc4c9697fc442014897f6ef8a7b46a70f34b38f38cf9507ea960"
PB-028,"Mitsubishi Xpander 2018","Mitsubishi Xpander 2018","OLX",179000000,DITERIMA,PERLU_TINJAU,"https://www.olx.co.id/mobil-bekas_c198/q-xpander-2018?filter=m_fuel_eq_bensin","cc7665bcde8f239afeccff915678e781ad45425d577cae7af05627535f81e625"
PB-029,"Mitsubishi Xpander 2018","Mitsubishi Xpander 2018","OLX",180000000,DITERIMA,PERLU_TINJAU,"https://www.olx.co.id/mobil-bekas_c198/q-xpander-2018?filter=m_fuel_eq_bensin","1b56af0c9608ee9ea5542f77142f00814ec5377bca0958f67b31fdf67316c65b"
PB-030,"Mitsubishi Xpander 2018","Mitsubishi Xpander 2018","OLX",182000000,DITERIMA,PERLU_TINJAU,"https://www.olx.co.id/mobil-bekas_c198/q-xpander-2018?filter=m_fuel_eq_bensin","e1fe78d8dbb472672c4d73713b6142a1446d7a68fc413e96ca435c73be72161f"
PB-031,"Laptop Lenovo ThinkPad 2021","ThinkPad T14 G2 i5-1145G7","Shopee - Graha Komputa",4950000,DITERIMA,LAYAK,"https://shopee.co.id/jempol.komputer","ba796edb66096002ee41240d04382cd58e6890ffb6f35e684e5b5d6ec73a403c"
PB-032,"Laptop Lenovo ThinkPad 2021","ThinkPad T14 Gen 2 i5 Gen 11","OLX",5650000,DITERIMA,LAYAK,"https://www.olx.co.id/jawa-tengah_g2000010/q-wiradesa-pekalongan","d47e1bdfef64fbb292e914107ba32d4e52daed0484bb6d8097f288fc8ff49131"
PB-033,"Laptop Lenovo ThinkPad 2021","ThinkPad T14 Gen 2 i5-1145G7","OLX",5850000,DITERIMA,PERLU_TINJAU,"https://www.olx.co.id/cimahi-kota_g4000022/q-core-.2","0f7f33892df47e6bf85906f2a4adba8084a68c599fd408ca29f271df031fc4ce"
PB-034,"Laptop Lenovo ThinkPad 2021","ThinkPad T14 Gen 2 i5-1145G7 Touch","OLX",5900000,DITERIMA,LAYAK,"https://www.olx.co.id/jakarta-dki_g2000007/komputer-laptop_c213/q-lenovo-core-2?filter=type_eq_elektronik-gadget-komputer-laptop","68c9f91d0c912e08889b235cb8468f0844fc6d6bd29630cd5167d9371caaea85"
PB-035,"Laptop Lenovo ThinkPad 2021","ThinkPad T14 Gen 2 i5","Instagram",6000000,DITERIMA,PERLU_TINJAU,"https://www.instagram.com/p/DZuQBulGXaW/","eb7225b5b800cf855063bee4caca53b2f8fe2e2e6dcd6addefa678a541cafcda"
PB-036,"iPhone 12 128GB","iPhone 12 128GB iBox","OLX",4500000,DITERIMA,LAYAK,"https://www.olx.co.id/bekasi-kota_g4000020/q-iphone-12-128-ibox","675013969d0a1749b9fe406608fea9a62c6e3f1f5a9eb819104a552eed762393"
PB-037,"iPhone 12 128GB","iPhone 12 128GB iBox","OLX",5000000,DITERIMA,LAYAK,"https://www.olx.co.id/bekasi-kota_g4000020/q-iphone-12-128-ibox","6903e95c59d32068fd89d2369dde120b765224aeb50919588ea6d1d93cdfbf9f"
PB-038,"iPhone 12 128GB","iPhone 12 128GB Digimap Resmi","OLX",5800000,DITERIMA,LAYAK,"https://www.olx.co.id/jawa-timur_g2000011/q-iphone-12","a4320af77d7423aa2e977c049cce3ae663d8176cf30abca83defa4fa9fef6e7a"
PB-039,"iPhone 12 128GB","iPhone 12 128GB iBox","OLX",6000000,DITERIMA,LAYAK,"https://www.olx.co.id/bekasi-kota_g4000020/q-iphone-12-128-ibox","695c1c78ba85ba4e7d37d1365d6110845c8976ff13bb356a586ff03dc4e754bb"
PB-040,"iPhone 12 128GB","iPhone 12 128GB resmi iBox fullset","OLX",6250000,DITERIMA,LAYAK,"https://www.olx.co.id/items/q-iphone-12","3aabaa14fdfc2170f9d73b6b68f2181a70b19fc30582380249a5b05855f69252"
PB-041,"Kamera Canon EOS 700D","DSLR Canon EOS 700D","OLX",3000000,DITERIMA,PERLU_TINJAU,"https://www.olx.co.id/fotografi-videografi_c211/q-canon-700d","af4010c40ffb4c76c8d99dc26e024d67b86f46662d44d0c1742d74527c28c1b6"
PB-042,"Kamera Canon EOS 700D","Canon EOS 700D + lensa kit","OLX",3100000,DITERIMA,LAYAK,"https://www.olx.co.id/fotografi-videografi_c211/q-canon-700d","fea50fa6d6b06d12641a4f25aa5b023707e02df0869a9120b118d73a4ec0b862"
PB-043,"Kamera Canon EOS 700D","Kamera Canon 700D","OLX",3300000,DITERIMA,PERLU_TINJAU,"https://www.olx.co.id/fotografi-videografi_c211/q-canon-700d","b5416ebe85cdf1b80296a107dbb8ffdc2e314b10b504d42a40973c41e00c5a4f"
PB-044,"Kamera Canon EOS 700D","Canon EOS 700D","OLX",3500000,DITERIMA,PERLU_TINJAU,"https://www.olx.co.id/fotografi-videografi_c211/q-canon-700d","036825dd8b676f97563830af8fd915d7316f38d1b815deed5c0cecf84ca719b3"
PB-045,"Kamera Canon EOS 700D","Canon EOS 700D + lensa kit","OLX",4000000,DITERIMA,LAYAK,"https://www.olx.co.id/items/q-canon-eos-700d","dc57227a52364457c99bae264358ff95ced794626602e8bd097712d1c947f1fb"